step,epoch,epoch_step,loss,learn_rate
500,499,0,0.1859180,0.004
1000,999,0,0.1554072,0.004
1500,1499,0,0.1317382,0.004
2000,1999,0,0.1211124,0.004
2500,2499,0,0.2631612,0.004
3000,2999,0,0.1414097,0.004
3500,3499,0,0.1443816,0.004
4000,3999,0,0.0925722,0.004
4500,4499,0,0.2264609,0.004
5000,4999,0,0.1756588,0.004